series,clan,count
[BT01] VG-BT01 : Descent of the King of Knights,คาเงโร่,15
[BT01] VG-BT01 : Descent of the King of Knights,ดาร์ค อิลเรกูลาร์ส,3
[BT01] VG-BT01 : Descent of the King of Knights,ทาจิคาเสะ,4
[BT01] VG-BT01 : Descent of the King of Knights,นุบาทามะ,4
[BT01] VG-BT01 : Descent of the King of Knights,รอยัล พาลาดิน,15
[BT01] VG-BT01 : Descent of the King of Knights,สไปค์ บราเธอร์ส,4
[BT01] VG-BT01 : Descent of the King of Knights,เมก้าโคโลนี่,4
[BT01] VG-BT01 : Descent of the King of Knights,แกรนบลู,4
[BT01] VG-BT01 : Descent of the King of Knights,โนว่า เกรปเปอร์,13
[BT01] VG-BT01 : Descent of the King of Knights,โอราเคิล ทิงค์ แทงค์,13
[BT02] VG-BT02 : Onslaught of Dragon Souls,คาเงโร่,10
[BT02] VG-BT02 : Onslaught of Dragon Souls,ทาจิคาเสะ,4
[BT02] VG-BT02 : Onslaught of Dragon Souls,รอยัล พาลาดิน,10
[BT02] VG-BT02 : Onslaught of Dragon Souls,สไปค์ บราเธอร์ส,15
[BT02] VG-BT02 : Onslaught of Dragon Souls,เกรท เนเจอร์,4
[BT02] VG-BT02 : Onslaught of Dragon Souls,เบอร์มิวด้า ไทรแองเกิล,4
[BT02] VG-BT02 : Onslaught of Dragon Souls,เมก้าโคโลนี่,4
[BT02] VG-BT02 : Onslaught of Dragon Souls,แกรนบลู,15
[BT02] VG-BT02 : Onslaught of Dragon Souls,โนว่า เกรปเปอร์,7
[BT02] VG-BT02 : Onslaught of Dragon Souls,โอราเคิล ทิงค์ แทงค์,7
[BT03] VG-BT03 : Demonic Lord Invasion,คาเงโร่,4
[BT03] VG-BT03 : Demonic Lord Invasion,ดาร์ค อิลเรกูลาร์ส,18
[BT03] VG-BT03 : Demonic Lord Invasion,ทาจิคาเสะ,12
[BT03] VG-BT03 : Demonic Lord Invasion,รอยัล พาลาดิน,10
[BT03] VG-BT03 : Demonic Lord Invasion,เพลมูน,18
[BT03] VG-BT03 : Demonic Lord Invasion,โนว่า เกรปเปอร์,4
[BT03] VG-BT03 : Demonic Lord Invasion,โอราเคิล ทิงค์ แทงค์,10
[BT03] VG-BT03 : Demonic Lord Invasion,ไดเมนชั่น โพลิส,4
[BT04] VG-BT04 : Eclipse of Illusionary Shadows,คาเงโร่,10
[BT04] VG-BT04 : Eclipse of Illusionary Shadows,ชาโดว์ พาลาดิน,22
[BT04] VG-BT04 : Eclipse of Illusionary Shadows,รอยัล พาลาดิน,4
[BT04] VG-BT04 : Eclipse of Illusionary Shadows,เมก้าโคโลนี่,16
[BT04] VG-BT04 : Eclipse of Illusionary Shadows,โนว่า เกรปเปอร์,10
[BT04] VG-BT04 : Eclipse of Illusionary Shadows,ไดเมนชั่น โพลิส,18
[BT05] VG-BT05 : Awakening of Twin Blades,คาเงโร่,4
[BT05] VG-BT05 : Awakening of Twin Blades,ชาโดว์ พาลาดิน,8
[BT05] VG-BT05 : Awakening of Twin Blades,ดาร์ค อิลเรกูลาร์ส,4
[BT05] VG-BT05 : Awakening of Twin Blades,มุราคุโมะ,18
[BT05] VG-BT05 : Awakening of Twin Blades,รอยัล พาลาดิน,8
[BT05] VG-BT05 : Awakening of Twin Blades,เนโอ เนคต้า,22
[BT05] VG-BT05 : Awakening of Twin Blades,เพลมูน,4
[BT05] VG-BT05 : Awakening of Twin Blades,โนว่า เกรปเปอร์,4
[BT05] VG-BT05 : Awakening of Twin Blades,โอราเคิล ทิงค์ แทงค์,4
[BT05] VG-BT05 : Awakening of Twin Blades,ไดเมนชั่น โพลิส,4
[BT06] VG-BT06 : Breaker of Limits,นารุคามิ,20
[BT06] VG-BT06 : Breaker of Limits,แกรนบลู,24
[BT06] VG-BT06 : Breaker of Limits,แองเจิล ฟิทเธอร์,30
[BT06] VG-BT06 : Breaker of Limits,โกลด์ พาลาดิน,20
[BT06] VG-BT06 : Breaker of Limits,โนว่า เกรปเปอร์,8
[BT07] VG-BT07 : Rampage of the Beast King,ดาร์ค อิลเรกูลาร์ส,21
[BT07] VG-BT07 : Rampage of the Beast King,เกรท เนเจอร์,38
[BT07] VG-BT07 : Rampage of the Beast King,เพลมูน,23
[BT07] VG-BT07 : Rampage of the Beast King,แองเจิล ฟิทเธอร์,4
[BT07] VG-BT07 : Rampage of the Beast King,โกลด์ พาลาดิน,8
[BT07] VG-BT07 : Rampage of the Beast King,โอราเคิล ทิงค์ แทงค์,8
[BT08] VG-BT08 : Blue Storm Armada,ทาจิคาเสะ,20
[BT08] VG-BT08 : Blue Storm Armada,นารุคามิ,8
[BT08] VG-BT08 : Blue Storm Armada,อควอฟอร์ซ,20
[BT08] VG-BT08 : Blue Storm Armada,เกรท เนเจอร์,4
[BT08] VG-BT08 : Blue Storm Armada,เนโอ เนคต้า,24
[BT08] VG-BT08 : Blue Storm Armada,ไดเมนชั่น โพลิส,26
[BT09] VG-BT09 : Clash of the Knights & Dragons,ชาโดว์ พาลาดิน,1
[BT09] VG-BT09 : Clash of the Knights & Dragons,นารุคามิ,9
[BT09] VG-BT09 : Clash of the Knights & Dragons,มุราคุโมะ,21
[BT09] VG-BT09 : Clash of the Knights & Dragons,รอยัล พาลาดิน,1
[BT09] VG-BT09 : Clash of the Knights & Dragons,อควอฟอร์ซ,12
[BT09] VG-BT09 : Clash of the Knights & Dragons,เกรท เนเจอร์,10
[BT09] VG-BT09 : Clash of the Knights & Dragons,เพลมูน,6
[BT09] VG-BT09 : Clash of the Knights & Dragons,แองเจิล ฟิทเธอร์,10
[BT09] VG-BT09 : Clash of the Knights & Dragons,โกลด์ พาลาดิน,10
[BT09] VG-BT09 : Clash of the Knights & Dragons,โนว่า เกรปเปอร์,11
[BT09] VG-BT09 : Clash of the Knights & Dragons,โอราเคิล ทิงค์ แทงค์,11
[BT10] VG-BT10 : Triumphant Return of the King of Knights,นารุคามิ,19
[BT10] VG-BT10 : Triumphant Return of the King of Knights,รอยัล พาลาดิน,18
[BT10] VG-BT10 : Triumphant Return of the King of Knights,สไปค์ บราเธอร์ส,14
[BT10] VG-BT10 : Triumphant Return of the King of Knights,เจเนซิส,30
[BT10] VG-BT10 : Triumphant Return of the King of Knights,โกลด์ พาลาดิน,13
[BT10] VG-BT10 : Triumphant Return of the King of Knights,โนว่า เกรปเปอร์,8
[BT11] VG-BT11 : Seal Dragons Unleashed,คาเงโร่,26
[BT11] VG-BT11 : Seal Dragons Unleashed,ทาจิคาเสะ,23
[BT11] VG-BT11 : Seal Dragons Unleashed,นารุคามิ,11
[BT11] VG-BT11 : Seal Dragons Unleashed,อควอฟอร์ซ,22
[BT11] VG-BT11 : Seal Dragons Unleashed,เจเนซิส,9
[BT11] VG-BT11 : Seal Dragons Unleashed,แองเจิล ฟิทเธอร์,23
[BT12] VG-BT12 : Binding Force of the Black Rings,ชาโดว์ พาลาดิน,16
[BT12] VG-BT12 : Binding Force of the Black Rings,ดาร์ค อิลเรกูลาร์ส,25
[BT12] VG-BT12 : Binding Force of the Black Rings,นารุคามิ,13
[BT12] VG-BT12 : Binding Force of the Black Rings,ลิงค์โจ๊กเกอร์,24
[BT12] VG-BT12 : Binding Force of the Black Rings,เพลมูน,24
[BT12] VG-BT12 : Binding Force of the Black Rings,โกลด์ พาลาดิน,11
[BT13] VG-BT13 : Catastrophic Outbreak,นุบาทามะ,19
[BT13] VG-BT13 : Catastrophic Outbreak,ลิงค์โจ๊กเกอร์,12
[BT13] VG-BT13 : Catastrophic Outbreak,อควอฟอร์ซ,17
[BT13] VG-BT13 : Catastrophic Outbreak,เกรท เนเจอร์,10
[BT13] VG-BT13 : Catastrophic Outbreak,แกรนบลู,9
[BT13] VG-BT13 : Catastrophic Outbreak,แองเจิล ฟิทเธอร์,11
[BT13] VG-BT13 : Catastrophic Outbreak,โนว่า เกรปเปอร์,17
[BT13] VG-BT13 : Catastrophic Outbreak,ไดเมนชั่น โพลิส,19
[BT14] VG-BT14 : Brilliant Strike,คาเงโร่,19
[BT14] VG-BT14 : Brilliant Strike,นารุคามิ,12
[BT14] VG-BT14 : Brilliant Strike,มุราคุโมะ,11
[BT14] VG-BT14 : Brilliant Strike,รอยัล พาลาดิน,21
[BT14] VG-BT14 : Brilliant Strike,เจเนซิส,18
[BT14] VG-BT14 : Brilliant Strike,เนโอ เนคต้า,11
[BT14] VG-BT14 : Brilliant Strike,โกลด์ พาลาดิน,20
[BT15] VG-BT15 : Infinite Rebirth,คาเงโร่,19
[BT15] VG-BT15 : Infinite Rebirth,ชาโดว์ พาลาดิน,18
[BT15] VG-BT15 : Infinite Rebirth,ลิงค์โจ๊กเกอร์,19
[BT15] VG-BT15 : Infinite Rebirth,อควอฟอร์ซ,20
[BT15] VG-BT15 : Infinite Rebirth,เพลมูน,8
[BT15] VG-BT15 : Infinite Rebirth,เมก้าโคโลนี่,15
[BT15] VG-BT15 : Infinite Rebirth,โกลด์ พาลาดิน,16
[BT16] VG-BT16 : Legion of Dragons & Blades,นารุคามิ,16
[BT16] VG-BT16 : Legion of Dragons & Blades,รอยัล พาลาดิน,16
[BT16] VG-BT16 : Legion of Dragons & Blades,สไปค์ บราเธอร์ส,14
[BT16] VG-BT16 : Legion of Dragons & Blades,เนโอ เนคต้า,14
[BT16] VG-BT16 : Legion of Dragons & Blades,โนว่า เกรปเปอร์,21
[BT16] VG-BT16 : Legion of Dragons & Blades,ไดเมนชั่น โพลิส,21
[BT17] VG-BT17 : Blazing Perdition,คาเงโร่,22
[BT17] VG-BT17 : Blazing Perdition,ทาจิคาเสะ,11
[BT17] VG-BT17 : Blazing Perdition,นารุคามิ,7
[BT17] VG-BT17 : Blazing Perdition,รอยัล พาลาดิน,7
[BT17] VG-BT17 : Blazing Perdition,ลิงค์โจ๊กเกอร์,17
[BT17] VG-BT17 : Blazing Perdition,อควอฟอร์ซ,9
[BT17] VG-BT17 : Blazing Perdition,แกรนบลู,12
[BT17] VG-BT17 : Blazing Perdition,โกลด์ พาลาดิน,17
[CH-TD01] VG-CH-TD01 : Cyber Heroes Trial Deck 1,ไอคอนิค,15
[CH-TD02] VG-CH-TD02 : Cyber Heroes Trial Deck 2,ไอคอนิค,15
[CH-TD03] VG-CH-TD03 : Cyber Heroes Trial Deck 3,ไอคอนิค,15
[CH-TD04] VG-CH-TD04 : Cyber Heroes Trial Deck 4,ไอคอนิค,15
[D-BT01] D Booster Set 01: Genesis of the Five Greats,N/A,121
[D-BT02] D Booster Set 02: A Brush with the Legends,N/A,111
[D-BT02] D Booster Set 02: A Brush with the Legends,คาเงโร่,4
[D-BT02] D Booster Set 02: A Brush with the Legends,ชาโดว์ พาลาดิน,5
[D-BT03] D Booster Set 03: Advance of Intertwined Stars,N/A,120
[D-BT04] D Booster Set 04: Awakening of Chakrabarthi,N/A,120
[D-BT05] D Booster Set 05: Triumphant Return of the Brave Heroes,N/A,81
[D-BT05] D Booster Set 05: Triumphant Return of the Brave Heroes,คาเงโร่,2
[D-BT05] D Booster Set 05: Triumphant Return of the Brave Heroes,ชาโดว์ พาลาดิน,2
[D-BT05] D Booster Set 05: Triumphant Return of the Brave Heroes,รอยัล พาลาดิน,7
[D-BT06] D Booster Set 06: Blazing Dragon Reborn,N/A,105
[D-BT07] D Booster Set 07: Raging Flames Against Emerald Storm,N/A,90
[D-BT08] D Booster Set 08: Minerva Rising,N/A,93
[D-BT09] D Booster Set 09: Dragontree Invasion,N/A,103
[D-BT10] D Booster Set 10: Dragon Masquerade,N/A,97
[D-LBT01] D Lyrical Booster Set 01: Lyrical Melody,N/A,120
[D-LBT02] D Lyrical Booster Set 02: Lyrical Monasterio ~It's a New School Term!~,N/A,80
[D-LBT03] D Lyrical Booster Set 03: Lyrical Monasterio ~Summertime Memories!~,N/A,108
[D-LTD01] D Lyrical Trial Deck 01: Ahoy! Lyrical Monasterio!,N/A,15
[D-MBT01] D Masked Rider Booster Pack 01 : Walk the path of Science and Heaven,N/A,40
[D-MTD01] D Masked Rider Trial Deck 01 : Masked Rider Kabuto,N/A,17
[D-MTD02] D Masked Rider Trial Deck 02 : Masked Rider Build,N/A,27
[D-MTD03] D Masked Rider Trial Deck 03 : Masked Rider Ryuki,N/A,17
[D-SD01] D Start Deck 01: Yu-yu Kondo -Holy Dragon-,N/A,15
[D-SD02] D Start Deck 02: Danji Momoyama -Tyrant Tiger-,N/A,15
[D-SD03] D Start Deck 03: Tohya Ebata -Apex Ruler-,N/A,15
[D-SD04] D Start Deck 04: Megumi Okura -Sylvan King-,N/A,15
[D-SD05] D Start Deck 05: Tomari Seto -Aurora Valkyrie-,N/A,15
[D-SD06] D Start Deck 06: Mirei Minae -Sealed Blaze Maiden-,N/A,15
[D-SS01] D Special Series 01: Festival Collection 2021,N/A,10
[D-SS03] D Special Series 03: Stride Deckset Chronojet,N/A,1
[D-SS03] D Special Series 03: Stride Deckset Chronojet,เกียร์โครนิเคิล,18
[D-SS04] D Special Series 04: Stride Deckset Messiah,N/A,9
[D-SS04] D Special Series 04: Stride Deckset Messiah,ลิงค์โจ๊กเกอร์,10
[D-SS05] D Special Series 05: Festival Booster 2023,N/A,95
[D-TD01] D Trial Deck 01: Urara Haneyama -Bandmaster of Blossoming Bonds-,N/A,18
[D-TD02] D Trial Deck 02: Michiru Hazama -Demonic Jewel Dragon of the Four Flames-,N/A,18
[D-TD03] D Trial Deck 03: Raika Koshiba -Skyfall Executors-,N/A,18
[D-TPR] D-TH Promo Card,N/A,122
[D-VS01] V Special Series 01: V CLAN COLLECTION Vol.1,คาเงโร่,4
[D-VS01] V Special Series 01: V CLAN COLLECTION Vol.1,นารุคามิ,4
[D-VS01] V Special Series 01: V CLAN COLLECTION Vol.1,มุราคุโมะ,4
[D-VS01] V Special Series 01: V CLAN COLLECTION Vol.1,รอยัล พาลาดิน,4
[D-VS01] V Special Series 01: V CLAN COLLECTION Vol.1,สไปค์ บราเธอร์ส,4
[D-VS01] V Special Series 01: V CLAN COLLECTION Vol.1,อควอฟอร์ซ,4
[D-VS01] V Special Series 01: V CLAN COLLECTION Vol.1,เจเนซิส,4
[D-VS01] V Special Series 01: V CLAN COLLECTION Vol.1,เบอร์มิวด้า ไทรแองเกิล,4
[D-VS01] V Special Series 01: V CLAN COLLECTION Vol.1,เพลมูน,4
[D-VS01] V Special Series 01: V CLAN COLLECTION Vol.1,เมก้าโคโลนี่,4
[D-VS01] V Special Series 01: V CLAN COLLECTION Vol.1,โอราเคิล ทิงค์ แทงค์,4
[D-VS01] V Special Series 01: V CLAN COLLECTION Vol.1,ไดเมนชั่น โพลิส,4
[D-VS02] V Special Series 02: V CLAN COLLECTION Vol.2,ชาโดว์ พาลาดิน,4
[D-VS02] V Special Series 02: V CLAN COLLECTION Vol.2,ดาร์ค อิลเรกูลาร์ส,4
[D-VS02] V Special Series 02: V CLAN COLLECTION Vol.2,ทาจิคาเสะ,4
[D-VS02] V Special Series 02: V CLAN COLLECTION Vol.2,นุบาทามะ,4
[D-VS02] V Special Series 02: V CLAN COLLECTION Vol.2,ลิงค์โจ๊กเกอร์,4
[D-VS02] V Special Series 02: V CLAN COLLECTION Vol.2,เกรท เนเจอร์,4
[D-VS02] V Special Series 02: V CLAN COLLECTION Vol.2,เกียร์โครนิเคิล,4
[D-VS02] V Special Series 02: V CLAN COLLECTION Vol.2,เนโอ เนคต้า,4
[D-VS02] V Special Series 02: V CLAN COLLECTION Vol.2,แกรนบลู,4
[D-VS02] V Special Series 02: V CLAN COLLECTION Vol.2,แองเจิล ฟิทเธอร์,4
[D-VS02] V Special Series 02: V CLAN COLLECTION Vol.2,โกลด์ พาลาดิน,4
[D-VS02] V Special Series 02: V CLAN COLLECTION Vol.2,โนว่า เกรปเปอร์,4
[EB01] VG-EB01 : Comic Style Vol.1,คาเงโร่,3
[EB01] VG-EB01 : Comic Style Vol.1,ทาจิคาเสะ,1
[EB01] VG-EB01 : Comic Style Vol.1,มุราคุโมะ,5
[EB01] VG-EB01 : Comic Style Vol.1,รอยัล พาลาดิน,1
[EB01] VG-EB01 : Comic Style Vol.1,สไปค์ บราเธอร์ส,1
[EB01] VG-EB01 : Comic Style Vol.1,เพลมูน,6
[EB01] VG-EB01 : Comic Style Vol.1,เมก้าโคโลนี่,5
[EB01] VG-EB01 : Comic Style Vol.1,โนว่า เกรปเปอร์,9
[EB01] VG-EB01 : Comic Style Vol.1,โอราเคิล ทิงค์ แทงค์,4
[EB02] VG-EB02 : Banquet of Divas,เบอร์มิวด้า ไทรแองเกิล,35
[EB03] VG-EB03 : Cavalry of Black Steel,คาเงโร่,2
[EB03] VG-EB03 : Cavalry of Black Steel,ชาโดว์ พาลาดิน,2
[EB03] VG-EB03 : Cavalry of Black Steel,รอยัล พาลาดิน,2
[EB03] VG-EB03 : Cavalry of Black Steel,สไปค์ บราเธอร์ส,10
[EB03] VG-EB03 : Cavalry of Black Steel,เมก้าโคโลนี่,10
[EB03] VG-EB03 : Cavalry of Black Steel,โกลด์ พาลาดิน,9
[EB04] VG-EB04 : Infinite Phantom Legion,โนว่า เกรปเปอร์,35
[EB05] VG-EB05 : Celestial Valkyries,โอราเคิล ทิงค์ แทงค์,35
[EB06] VG-EB06 : Dazzling Divas,เบอร์มิวด้า ไทรแองเกิล,41
[EB07] VG-EB07 : Mystical Magus,โอราเคิล ทิงค์ แทงค์,35
[EB08] VG-EB08 : Champions of the Cosmos,โนว่า เกรปเปอร์,35
[EB09] VG-EB09 : Divine Dragon Progression,คาเงโร่,35
[EB10] VG-EB10 : Divas Duet,เบอร์มิวด้า ไทรแองเกิล,86
[EB11] VG-EB11 : Requiem at Dusk,ชาโดว์ พาลาดิน,35
[EB12] VG-EB12 : Waltz of the Goddess,เจเนซิส,35
[FC01] VG-FC01 : Fighter's Collection 2013,คาเงโร่,2
[FC01] VG-FC01 : Fighter's Collection 2013,ชาโดว์ พาลาดิน,1
[FC01] VG-FC01 : Fighter's Collection 2013,ดาร์ค อิลเรกูลาร์ส,1
[FC01] VG-FC01 : Fighter's Collection 2013,นารุคามิ,4
[FC01] VG-FC01 : Fighter's Collection 2013,รอยัล พาลาดิน,4
[FC01] VG-FC01 : Fighter's Collection 2013,อควอฟอร์ซ,2
[FC01] VG-FC01 : Fighter's Collection 2013,เกรท เนเจอร์,1
[FC01] VG-FC01 : Fighter's Collection 2013,เจเนซิส,4
[FC01] VG-FC01 : Fighter's Collection 2013,เนโอ เนคต้า,1
[FC01] VG-FC01 : Fighter's Collection 2013,เบอร์มิวด้า ไทรแองเกิล,2
[FC01] VG-FC01 : Fighter's Collection 2013,โกลด์ พาลาดิน,4
[G-BT01] VG-G-BT01:Generation Stride,คาเงโร่,24
[G-BT01] VG-G-BT01:Generation Stride,รอยัล พาลาดิน,14
[G-BT01] VG-G-BT01:Generation Stride,เกียร์โครนิเคิล,16
[G-BT01] VG-G-BT01:Generation Stride,เครย์เอเลเมนทัล,1
[G-BT01] VG-G-BT01:Generation Stride,โนว่า เกรปเปอร์,25
[G-BT01] VG-G-BT01:Generation Stride,โอราเคิล ทิงค์ แทงค์,23
[G-BT02] VG-G-BT02 : Soaring Ascent of Gale & Blossom,นารุคามิ,23
[G-BT02] VG-G-BT02 : Soaring Ascent of Gale & Blossom,รอยัล พาลาดิน,6
[G-BT02] VG-G-BT02 : Soaring Ascent of Gale & Blossom,อควอฟอร์ซ,18
[G-BT02] VG-G-BT02 : Soaring Ascent of Gale & Blossom,เกรท เนเจอร์,22
[G-BT02] VG-G-BT02 : Soaring Ascent of Gale & Blossom,เกียร์โครนิเคิล,15
[G-BT02] VG-G-BT02 : Soaring Ascent of Gale & Blossom,เครย์เอเลเมนทัล,2
[G-BT02] VG-G-BT02 : Soaring Ascent of Gale & Blossom,เนโอ เนคต้า,17
[G-BT03] VG-G-BT03 : Sovereign Star Dragon,คาเงโร่,11
[G-BT03] VG-G-BT03 : Sovereign Star Dragon,ชาโดว์ พาลาดิน,17
[G-BT03] VG-G-BT03 : Sovereign Star Dragon,ดาร์ค อิลเรกูลาร์ส,23
[G-BT03] VG-G-BT03 : Sovereign Star Dragon,มุราคุโมะ,14
[G-BT03] VG-G-BT03 : Sovereign Star Dragon,ลิงค์โจ๊กเกอร์,15
[G-BT03] VG-G-BT03 : Sovereign Star Dragon,เครย์เอเลเมนทัล,2
[G-BT03] VG-G-BT03 : Sovereign Star Dragon,โกลด์ พาลาดิน,22
[G-BT04] VG-G-BT04 : Soul Strike Against The Supreme,ชาโดว์ พาลาดิน,10
[G-BT04] VG-G-BT04 : Soul Strike Against The Supreme,รอยัล พาลาดิน,8
[G-BT04] VG-G-BT04 : Soul Strike Against The Supreme,เกียร์โครนิเคิล,8
[G-BT04] VG-G-BT04 : Soul Strike Against The Supreme,เครย์เอเลเมนทัล,2
[G-BT04] VG-G-BT04 : Soul Strike Against The Supreme,เจเนซิส,22
[G-BT04] VG-G-BT04 : Soul Strike Against The Supreme,เนโอ เนคต้า,10
[G-BT04] VG-G-BT04 : Soul Strike Against The Supreme,เมก้าโคโลนี่,21
[G-BT04] VG-G-BT04 : Soul Strike Against The Supreme,แองเจิล ฟิทเธอร์,23
[G-BT05] VG-G-BT05 : Moonlit Dragonfang,นารุคามิ,22
[G-BT05] VG-G-BT05 : Moonlit Dragonfang,ลิงค์โจ๊กเกอร์,17
[G-BT05] VG-G-BT05 : Moonlit Dragonfang,เกียร์โครนิเคิล,19
[G-BT05] VG-G-BT05 : Moonlit Dragonfang,เครย์เอเลเมนทัล,2
[G-BT05] VG-G-BT05 : Moonlit Dragonfang,เพลมูน,24
[G-BT05] VG-G-BT05 : Moonlit Dragonfang,โอราเคิล ทิงค์ แทงค์,20
[G-BT06] VG-G-BT06 : Transcension of Blade and Blossom,ชาโดว์ พาลาดิน,19
[G-BT06] VG-G-BT06 : Transcension of Blade and Blossom,รอยัล พาลาดิน,15
[G-BT06] VG-G-BT06 : Transcension of Blade and Blossom,เครย์เอเลเมนทัล,1
[G-BT06] VG-G-BT06 : Transcension of Blade and Blossom,เนโอ เนคต้า,16
[G-BT06] VG-G-BT06 : Transcension of Blade and Blossom,เพลมูน,10
[G-BT06] VG-G-BT06 : Transcension of Blade and Blossom,แกรนบลู,22
[G-BT06] VG-G-BT06 : Transcension of Blade and Blossom,โนว่า เกรปเปอร์,22
[G-BT07] VG-G-BT07 : Glorious Bravery of Radiant Sword,คาเงโร่,19
[G-BT07] VG-G-BT07 : Glorious Bravery of Radiant Sword,ดาร์ค อิลเรกูลาร์ส,17
[G-BT07] VG-G-BT07 : Glorious Bravery of Radiant Sword,เกียร์โครนิเคิล,14
[G-BT07] VG-G-BT07 : Glorious Bravery of Radiant Sword,เครย์เอเลเมนทัล,1
[G-BT07] VG-G-BT07 : Glorious Bravery of Radiant Sword,แองเจิล ฟิทเธอร์,17
[G-BT07] VG-G-BT07 : Glorious Bravery of Radiant Sword,โกลด์ พาลาดิน,16
[G-BT07] VG-G-BT07 : Glorious Bravery of Radiant Sword,ไดเมนชั่น โพลิส,20
[G-BT08] VG-G-BT08 : Absolute Judgment,ดาร์ค อิลเรกูลาร์ส,13
[G-BT08] VG-G-BT08 : Absolute Judgment,รอยัล พาลาดิน,12
[G-BT08] VG-G-BT08 : Absolute Judgment,ลิงค์โจ๊กเกอร์,11
[G-BT08] VG-G-BT08 : Absolute Judgment,เครย์เอเลเมนทัล,1
[G-BT08] VG-G-BT08 : Absolute Judgment,เจเนซิส,18
[G-BT08] VG-G-BT08 : Absolute Judgment,เนโอ เนคต้า,16
[G-BT08] VG-G-BT08 : Absolute Judgment,เพลมูน,12
[G-BT08] VG-G-BT08 : Absolute Judgment,แกรนบลู,12
[G-BT08] VG-G-BT08 : Absolute Judgment,โกลด์ พาลาดิน,8
[G-BT09] VG-G-BT09 : Divine Dragon Caper,ชาโดว์ พาลาดิน,19
[G-BT09] VG-G-BT09 : Divine Dragon Caper,นารุคามิ,20
[G-BT09] VG-G-BT09 : Divine Dragon Caper,สไปค์ บราเธอร์ส,18
[G-BT09] VG-G-BT09 : Divine Dragon Caper,อควอฟอร์ซ,21
[G-BT09] VG-G-BT09 : Divine Dragon Caper,เกียร์โครนิเคิล,9
[G-BT09] VG-G-BT09 : Divine Dragon Caper,เครย์เอเลเมนทัล,1
[G-BT09] VG-G-BT09 : Divine Dragon Caper,แองเจิล ฟิทเธอร์,16
[G-BT10] VG-G-BT10 : Swordfang Fierce Battle,ชาโดว์ พาลาดิน,9
[G-BT10] VG-G-BT10 : Swordfang Fierce Battle,ทาจิคาเสะ,23
[G-BT10] VG-G-BT10 : Swordfang Fierce Battle,มุราคุโมะ,21
[G-BT10] VG-G-BT10 : Swordfang Fierce Battle,รอยัล พาลาดิน,6
[G-BT10] VG-G-BT10 : Swordfang Fierce Battle,เครย์เอเลเมนทัล,1
[G-BT10] VG-G-BT10 : Swordfang Fierce Battle,เนโอ เนคต้า,7
[G-BT10] VG-G-BT10 : Swordfang Fierce Battle,โกลด์ พาลาดิน,14
[G-BT10] VG-G-BT10 : Swordfang Fierce Battle,โนว่า เกรปเปอร์,23
[G-BT11] VG-G-BT11 : Descent of the Rogue Deity,คาเงโร่,20
[G-BT11] VG-G-BT11 : Descent of the Rogue Deity,ดาร์ค อิลเรกูลาร์ส,21
[G-BT11] VG-G-BT11 : Descent of the Rogue Deity,นุบาทามะ,15
[G-BT11] VG-G-BT11 : Descent of the Rogue Deity,รอยัล พาลาดิน,8
[G-BT11] VG-G-BT11 : Descent of the Rogue Deity,เกียร์โครนิเคิล,18
[G-BT11] VG-G-BT11 : Descent of the Rogue Deity,เครย์เอเลเมนทัล,1
[G-BT11] VG-G-BT11 : Descent of the Rogue Deity,เจเนซิส,21
[G-BT12] VG-G-BT12 : Dragon King's Awakening,ชาโดว์ พาลาดิน,17
[G-BT12] VG-G-BT12 : Dragon King's Awakening,นารุคามิ,22
[G-BT12] VG-G-BT12 : Dragon King's Awakening,นุบาทามะ,11
[G-BT12] VG-G-BT12 : Dragon King's Awakening,เกียร์โครนิเคิล,13
[G-BT12] VG-G-BT12 : Dragon King's Awakening,เครย์เอเลเมนทัล,1
[G-BT12] VG-G-BT12 : Dragon King's Awakening,เนโอ เนคต้า,18
[G-BT12] VG-G-BT12 : Dragon King's Awakening,โอราเคิล ทิงค์ แทงค์,22
[G-BT13] VG-G-BT13 : Ultimate Stride,N/A,2
[G-BT13] VG-G-BT13 : Ultimate Stride,คาเงโร่,12
[G-BT13] VG-G-BT13 : Ultimate Stride,ทาจิคาเสะ,12
[G-BT13] VG-G-BT13 : Ultimate Stride,มุราคุโมะ,13
[G-BT13] VG-G-BT13 : Ultimate Stride,สไปค์ บราเธอร์ส,15
[G-BT13] VG-G-BT13 : Ultimate Stride,อควอฟอร์ซ,22
[G-BT13] VG-G-BT13 : Ultimate Stride,เครย์เอเลเมนทัล,1
[G-BT13] VG-G-BT13 : Ultimate Stride,แองเจิล ฟิทเธอร์,20
[G-BT13] VG-G-BT13 : Ultimate Stride,โกลด์ พาลาดิน,13
[G-BT14] VG-G-BT14 : Divine Dragon Apocrypha,N/A,2
[G-BT14] VG-G-BT14 : Divine Dragon Apocrypha,ชาโดว์ พาลาดิน,14
[G-BT14] VG-G-BT14 : Divine Dragon Apocrypha,ดาร์ค อิลเรกูลาร์ส,19
[G-BT14] VG-G-BT14 : Divine Dragon Apocrypha,นุบาทามะ,13
[G-BT14] VG-G-BT14 : Divine Dragon Apocrypha,รอยัล พาลาดิน,13
[G-BT14] VG-G-BT14 : Divine Dragon Apocrypha,เกียร์โครนิเคิล,15
[G-BT14] VG-G-BT14 : Divine Dragon Apocrypha,เครย์เอเลเมนทัล,3
[G-BT14] VG-G-BT14 : Divine Dragon Apocrypha,เจเนซิส,22
[G-CB01] VG-G-CB01 : Academy of Divas,เบอร์มิวด้า ไทรแองเกิล,46
[G-CB02] VG-G-CB02 : Commander of the Incessant Waves,อควอฟอร์ซ,40
[G-CB03] VG-G-CB03: Blessing of Divas,เบอร์มิวด้า ไทรแองเกิล,49
[G-CB04] VG-G-CB04 : Gear of Fate,เกียร์โครนิเคิล,45
[G-CB05] VG-G-CB05 : Prismatic Divas,เบอร์มิวด้า ไทรแองเกิล,64
[G-CB06] VG-G-CB06 : Rondeau of Chaos and Salvation,ลิงค์โจ๊กเกอร์,45
[G-CB07] VG-G-CB07 : Diva's Festa,N/A,1
[G-CB07] VG-G-CB07 : Diva's Festa,เบอร์มิวด้า ไทรแองเกิล,53
[G-CHB01] VG-G-CHB01 : TRY3 NEXT,รอยัล พาลาดิน,26
[G-CHB01] VG-G-CHB01 : TRY3 NEXT,เกียร์โครนิเคิล,22
[G-CHB01] VG-G-CHB01 : TRY3 NEXT,เนโอ เนคต้า,27
[G-CHB02] VG-G-CHB02 : WE ARE!!! TRINITY DRAGON,เกรท เนเจอร์,25
[G-CHB02] VG-G-CHB02 : WE ARE!!! TRINITY DRAGON,โอราเคิล ทิงค์ แทงค์,25
[G-CHB02] VG-G-CHB02 : WE ARE!!! TRINITY DRAGON,ไดเมนชั่น โพลิส,25
[G-CHB03] VG-G-CHB03 : Rummy Labyrinth Under the Moonlight,เพลมูน,30
[G-CHB03] VG-G-CHB03 : Rummy Labyrinth Under the Moonlight,แกรนบลู,30
[G-CMB01] VG-G-CMB01 : Vanguard & Deletor,รอยัล พาลาดิน,22
[G-CMB01] VG-G-CMB01 : Vanguard & Deletor,ลิงค์โจ๊กเกอร์,22
[G-CMB01] VG-G-CMB01 : Vanguard & Deletor,เครย์เอเลเมนทัล,1
[G-EB01] VG-G-EB01 : Cosmic Roar,ไดเมนชั่น โพลิส,35
[G-EB02] VGE-G-EB02 : The AWAKENING ZOO,N/A,1
[G-EB02] VGE-G-EB02 : The AWAKENING ZOO,เกรท เนเจอร์,25
[G-EB02] VGE-G-EB02 : The AWAKENING ZOO,เนโอ เนคต้า,25
[G-EB02] VGE-G-EB02 : The AWAKENING ZOO,เมก้าโคโลนี่,25
[G-EB03] VGE-G-EB03 : The GALAXY STAR GATE,N/A,1
[G-EB03] VGE-G-EB03 : The GALAXY STAR GATE,ลิงค์โจ๊กเกอร์,21
[G-EB03] VGE-G-EB03 : The GALAXY STAR GATE,โนว่า เกรปเปอร์,27
[G-EB03] VGE-G-EB03 : The GALAXY STAR GATE,ไดเมนชั่น โพลิส,27
[G-FC01] VG-G-FC01 : Fighter's Collection 2015,คาเงโร่,2
[G-FC01] VG-G-FC01 : Fighter's Collection 2015,ชาโดว์ พาลาดิน,2
[G-FC01] VG-G-FC01 : Fighter's Collection 2015,ดาร์ค อิลเรกูลาร์ส,2
[G-FC01] VG-G-FC01 : Fighter's Collection 2015,ทาจิคาเสะ,2
[G-FC01] VG-G-FC01 : Fighter's Collection 2015,นารุคามิ,2
[G-FC01] VG-G-FC01 : Fighter's Collection 2015,นุบาทามะ,2
[G-FC01] VG-G-FC01 : Fighter's Collection 2015,มุราคุโมะ,2
[G-FC01] VG-G-FC01 : Fighter's Collection 2015,รอยัล พาลาดิน,2
[G-FC01] VG-G-FC01 : Fighter's Collection 2015,ลิงค์โจ๊กเกอร์,2
[G-FC01] VG-G-FC01 : Fighter's Collection 2015,สไปค์ บราเธอร์ส,2
[G-FC01] VG-G-FC01 : Fighter's Collection 2015,อควอฟอร์ซ,2
[G-FC01] VG-G-FC01 : Fighter's Collection 2015,เกรท เนเจอร์,2
[G-FC01] VG-G-FC01 : Fighter's Collection 2015,เกียร์โครนิเคิล,2
[G-FC01] VG-G-FC01 : Fighter's Collection 2015,เครย์เอเลเมนทัล,2
[G-FC01] VG-G-FC01 : Fighter's Collection 2015,เจเนซิส,2
[G-FC01] VG-G-FC01 : Fighter's Collection 2015,เนโอ เนคต้า,2
[G-FC01] VG-G-FC01 : Fighter's Collection 2015,เบอร์มิวด้า ไทรแองเกิล,2
[G-FC01] VG-G-FC01 : Fighter's Collection 2015,เพลมูน,2
[G-FC01] VG-G-FC01 : Fighter's Collection 2015,เมก้าโคโลนี่,2
[G-FC01] VG-G-FC01 : Fighter's Collection 2015,แกรนบลู,2
[G-FC01] VG-G-FC01 : Fighter's Collection 2015,แองเจิล ฟิทเธอร์,2
[G-FC01] VG-G-FC01 : Fighter's Collection 2015,โกลด์ พาลาดิน,2
[G-FC01] VG-G-FC01 : Fighter's Collection 2015,โนว่า เกรปเปอร์,2
[G-FC01] VG-G-FC01 : Fighter's Collection 2015,โอราเคิล ทิงค์ แทงค์,2
[G-FC01] VG-G-FC01 : Fighter's Collection 2015,ไดเมนชั่น โพลิส,2
[G-FC02] VG-G-FC02 : Fighter's Collection 2015 Winter,คาเงโร่,2
[G-FC02] VG-G-FC02 : Fighter's Collection 2015 Winter,ชาโดว์ พาลาดิน,2
[G-FC02] VG-G-FC02 : Fighter's Collection 2015 Winter,ดาร์ค อิลเรกูลาร์ส,2
[G-FC02] VG-G-FC02 : Fighter's Collection 2015 Winter,ทาจิคาเสะ,2
[G-FC02] VG-G-FC02 : Fighter's Collection 2015 Winter,นารุคามิ,2
[G-FC02] VG-G-FC02 : Fighter's Collection 2015 Winter,นุบาทามะ,2
[G-FC02] VG-G-FC02 : Fighter's Collection 2015 Winter,มุราคุโมะ,2
[G-FC02] VG-G-FC02 : Fighter's Collection 2015 Winter,รอยัล พาลาดิน,2
[G-FC02] VG-G-FC02 : Fighter's Collection 2015 Winter,ลิงค์โจ๊กเกอร์,2
[G-FC02] VG-G-FC02 : Fighter's Collection 2015 Winter,สไปค์ บราเธอร์ส,2
[G-FC02] VG-G-FC02 : Fighter's Collection 2015 Winter,อควอฟอร์ซ,2
[G-FC02] VG-G-FC02 : Fighter's Collection 2015 Winter,เกรท เนเจอร์,2
[G-FC02] VG-G-FC02 : Fighter's Collection 2015 Winter,เกียร์โครนิเคิล,2
[G-FC02] VG-G-FC02 : Fighter's Collection 2015 Winter,เจเนซิส,2
[G-FC02] VG-G-FC02 : Fighter's Collection 2015 Winter,เนโอ เนคต้า,2
[G-FC02] VG-G-FC02 : Fighter's Collection 2015 Winter,เบอร์มิวด้า ไทรแองเกิล,2
[G-FC02] VG-G-FC02 : Fighter's Collection 2015 Winter,เพลมูน,2
[G-FC02] VG-G-FC02 : Fighter's Collection 2015 Winter,เมก้าโคโลนี่,2
[G-FC02] VG-G-FC02 : Fighter's Collection 2015 Winter,แกรนบลู,2
[G-FC02] VG-G-FC02 : Fighter's Collection 2015 Winter,แองเจิล ฟิทเธอร์,2
[G-FC02] VG-G-FC02 : Fighter's Collection 2015 Winter,โกลด์ พาลาดิน,2
[G-FC02] VG-G-FC02 : Fighter's Collection 2015 Winter,โนว่า เกรปเปอร์,2
[G-FC02] VG-G-FC02 : Fighter's Collection 2015 Winter,โอราเคิล ทิงค์ แทงค์,2
[G-FC02] VG-G-FC02 : Fighter's Collection 2015 Winter,ไดเมนชั่น โพลิส,2
[G-FC03] VG-G-FC03 : Fighter's Collection 2016,คาเงโร่,2
[G-FC03] VG-G-FC03 : Fighter's Collection 2016,ชาโดว์ พาลาดิน,2
[G-FC03] VG-G-FC03 : Fighter's Collection 2016,ดาร์ค อิลเรกูลาร์ส,2
[G-FC03] VG-G-FC03 : Fighter's Collection 2016,ทาจิคาเสะ,2
[G-FC03] VG-G-FC03 : Fighter's Collection 2016,นารุคามิ,2
[G-FC03] VG-G-FC03 : Fighter's Collection 2016,นุบาทามะ,2
[G-FC03] VG-G-FC03 : Fighter's Collection 2016,มุราคุโมะ,2
[G-FC03] VG-G-FC03 : Fighter's Collection 2016,รอยัล พาลาดิน,2
[G-FC03] VG-G-FC03 : Fighter's Collection 2016,ลิงค์โจ๊กเกอร์,2
[G-FC03] VG-G-FC03 : Fighter's Collection 2016,สไปค์ บราเธอร์ส,2
[G-FC03] VG-G-FC03 : Fighter's Collection 2016,อควอฟอร์ซ,2
[G-FC03] VG-G-FC03 : Fighter's Collection 2016,เกรท เนเจอร์,2
[G-FC03] VG-G-FC03 : Fighter's Collection 2016,เกียร์โครนิเคิล,2
[G-FC03] VG-G-FC03 : Fighter's Collection 2016,เครย์เอเลเมนทัล,3
[G-FC03] VG-G-FC03 : Fighter's Collection 2016,เจเนซิส,2
[G-FC03] VG-G-FC03 : Fighter's Collection 2016,เนโอ เนคต้า,2
[G-FC03] VG-G-FC03 : Fighter's Collection 2016,เบอร์มิวด้า ไทรแองเกิล,2
[G-FC03] VG-G-FC03 : Fighter's Collection 2016,เพลมูน,2
[G-FC03] VG-G-FC03 : Fighter's Collection 2016,เมก้าโคโลนี่,2
[G-FC03] VG-G-FC03 : Fighter's Collection 2016,แกรนบลู,2
[G-FC03] VG-G-FC03 : Fighter's Collection 2016,แองเจิล ฟิทเธอร์,2
[G-FC03] VG-G-FC03 : Fighter's Collection 2016,โกลด์ พาลาดิน,2
[G-FC03] VG-G-FC03 : Fighter's Collection 2016,โนว่า เกรปเปอร์,2
[G-FC03] VG-G-FC03 : Fighter's Collection 2016,โอราเคิล ทิงค์ แทงค์,2
[G-FC03] VG-G-FC03 : Fighter's Collection 2016,ไดเมนชั่น โพลิส,2
[G-FC04] VG-G-FC04 : Fighters Collection 2017,คาเงโร่,3
[G-FC04] VG-G-FC04 : Fighters Collection 2017,ชาโดว์ พาลาดิน,3
[G-FC04] VG-G-FC04 : Fighters Collection 2017,ดาร์ค อิลเรกูลาร์ส,3
[G-FC04] VG-G-FC04 : Fighters Collection 2017,ทาจิคาเสะ,3
[G-FC04] VG-G-FC04 : Fighters Collection 2017,นารุคามิ,3
[G-FC04] VG-G-FC04 : Fighters Collection 2017,นุบาทามะ,3
[G-FC04] VG-G-FC04 : Fighters Collection 2017,มุราคุโมะ,3
[G-FC04] VG-G-FC04 : Fighters Collection 2017,รอยัล พาลาดิน,3
[G-FC04] VG-G-FC04 : Fighters Collection 2017,ลิงค์โจ๊กเกอร์,3
[G-FC04] VG-G-FC04 : Fighters Collection 2017,สไปค์ บราเธอร์ส,3
[G-FC04] VG-G-FC04 : Fighters Collection 2017,อควอฟอร์ซ,3
[G-FC04] VG-G-FC04 : Fighters Collection 2017,เกรท เนเจอร์,3
[G-FC04] VG-G-FC04 : Fighters Collection 2017,เกียร์โครนิเคิล,3
[G-FC04] VG-G-FC04 : Fighters Collection 2017,เครย์เอเลเมนทัล,3
[G-FC04] VG-G-FC04 : Fighters Collection 2017,เจเนซิส,3
[G-FC04] VG-G-FC04 : Fighters Collection 2017,เนโอ เนคต้า,3
[G-FC04] VG-G-FC04 : Fighters Collection 2017,เบอร์มิวด้า ไทรแองเกิล,3
[G-FC04] VG-G-FC04 : Fighters Collection 2017,เพลมูน,3
[G-FC04] VG-G-FC04 : Fighters Collection 2017,เมก้าโคโลนี่,3
[G-FC04] VG-G-FC04 : Fighters Collection 2017,แกรนบลู,3
[G-FC04] VG-G-FC04 : Fighters Collection 2017,แองเจิล ฟิทเธอร์,3
[G-FC04] VG-G-FC04 : Fighters Collection 2017,โกลด์ พาลาดิน,3
[G-FC04] VG-G-FC04 : Fighters Collection 2017,โนว่า เกรปเปอร์,3
[G-FC04] VG-G-FC04 : Fighters Collection 2017,โอราเคิล ทิงค์ แทงค์,3
[G-FC04] VG-G-FC04 : Fighters Collection 2017,ไดเมนชั่น โพลิส,3
[G-FTD01] VG-G-FTD01 : Knight of the Sun,โกลด์ พาลาดิน,19
[G-LD01] VG-G-LD01 : The Dark “Ren Suzugamori”,ชาโดว์ พาลาดิน,15
[G-LD02] VG-G-LD02 : The Overlord blaze,คาเงโร่,16
[G-LD03] VG-G-LD03 : The Blaster Aichi Sendou,รอยัล พาลาดิน,18
[G-MT01] VG-G-MT01 : TRIAL DECK RISE TO ROYALTY,รอยัล พาลาดิน,19
[G-TCB01] VG-G-TCB01 : The RECKLESS RAMPAGE,ทาจิคาเสะ,25
[G-TCB01] VG-G-TCB01 : The RECKLESS RAMPAGE,นุบาทามะ,25
[G-TCB01] VG-G-TCB01 : The RECKLESS RAMPAGE,สไปค์ บราเธอร์ส,25
[G-TCB02] VG-G-TCB02 : The GENIUS STRATEGY,มุราคุโมะ,25
[G-TCB02] VG-G-TCB02 : The GENIUS STRATEGY,เกรท เนเจอร์,25
[G-TCB02] VG-G-TCB02 : The GENIUS STRATEGY,เมก้าโคโลนี่,25
[G-TD01] VG-G-TD01 : Awakening of the Interdimensional Dragon,เกียร์โครนิเคิล,19
[G-TD02] VG-G-TD02 : Divine Swordsman of the Shiny Star,รอยัล พาลาดิน,16
[G-TD03] VG-G-TD03 : Flower Maiden of Purity,เนโอ เนคต้า,19
[G-TD04] VG-G-TD04 : Blue Cavalry of the Divine Marine Spirits,อควอฟอร์ซ,19
[G-TD05] VG-G-TD05 : Fateful Star Messiah,ลิงค์โจ๊กเกอร์,19
[G-TD06] VG-G-TD06 : Rallying Call of the Interspectral Dragon,เกียร์โครนิเคิล,19
[G-TD07] VG-G-TD07 : Illusionist of the Crescent Moon,เพลมูน,19
[G-TD08] VG-G-TD08 : Vampire Princess of the Nether Hour,แกรนบลู,19
[G-TD09] VG-G-TD09 : True Zodiac Time Beasts,เกียร์โครนิเคิล,19
[G-TD10] VG-G-TD10 : Ritual of Dragon Sorcery,ชาโดว์ พาลาดิน,18
[G-TD11] VG-G-TD11 : Divine Knight of Heavenly Decree,รอยัล พาลาดิน,18
[G-TD12] VG-G-TD12 : Flower Princess of Abundant Blooming,เนโอ เนคต้า,18
[G-TD13] VG-G-TD13 : Ruler of the Evil-eye,นุบาทามะ,18
[G-TD14] VG-G-TD14 : Debut of the Divas,เบอร์มิวด้า ไทรแองเกิล,19
[G-TD15] VG-G-TD15 : Messiah Dragon of Rebirth,ลิงค์โจ๊กเกอร์,18
[MBD01] Monthly Bushiroad Deck 1,ลิงค์โจ๊กเกอร์,9
[MBT01] VG-MBT01 : Neon Messiah,คาเงโร่,14
[MBT01] VG-MBT01 : Neon Messiah,รอยัล พาลาดิน,5
[MBT01] VG-MBT01 : Neon Messiah,ลิงค์โจ๊กเกอร์,22
[MBT01] VG-MBT01 : Neon Messiah,โกลด์ พาลาดิน,9
[MT01] VG-MT01 : DAIGO Special Set,รอยัล พาลาดิน,12
[MTD01] VG-MTD01 : Malefic Deletor,ลิงค์โจ๊กเกอร์,17
[PR] Promo Card,คาเงโร่,18
[PR] Promo Card,ชาโดว์ พาลาดิน,25
[PR] Promo Card,ดาร์ค อิลเรกูลาร์ส,10
[PR] Promo Card,ทาจิคาเสะ,3
[PR] Promo Card,นารุคามิ,17
[PR] Promo Card,นุบาทามะ,7
[PR] Promo Card,มุราคุโมะ,9
[PR] Promo Card,รอยัล พาลาดิน,33
[PR] Promo Card,ลิงค์โจ๊กเกอร์,21
[PR] Promo Card,สไปค์ บราเธอร์ส,4
[PR] Promo Card,อควอฟอร์ซ,6
[PR] Promo Card,เกรท เนเจอร์,6
[PR] Promo Card,เกียร์โครนิเคิล,18
[PR] Promo Card,เครย์เอเลเมนทัล,3
[PR] Promo Card,เจเนซิส,6
[PR] Promo Card,เนโอ เนคต้า,10
[PR] Promo Card,เบอร์มิวด้า ไทรแองเกิล,17
[PR] Promo Card,เพลมูน,8
[PR] Promo Card,เมก้าโคโลนี่,6
[PR] Promo Card,แกรนบลู,10
[PR] Promo Card,แองเจิล ฟิทเธอร์,6
[PR] Promo Card,โกลด์ พาลาดิน,23
[PR] Promo Card,โนว่า เกรปเปอร์,5
[PR] Promo Card,โอราเคิล ทิงค์ แทงค์,13
[PR] Promo Card,ไดเมนชั่น โพลิส,9
[SW-BT01] VG-SW-BT01 : Iconic Collection SWEAT16!,ไอคอนิค,55
[SW-PR] SWEAT16! Promo Card,ไอคอนิค,50
[T-BT01] VG-T-BT01 Booster Set : The Mask Collection,เดอะแมสค์คอลเลคชั่น,32
[T-PR] TH Promo Card,เดอะแมสค์คอลเลคชั่น,17
[T-PR] TH Promo Card,เอทรานเจอร์,16
[T-TD01] VG-T-TD01 : The Mask Collection,เดอะแมสค์คอลเลคชั่น,15
[T-TD02] VG-T-TD02 : The Mask Collection Neo Warriors Strengthen,เดอะแมสค์คอลเลคชั่น,16
[TD01] VG-TD01 : Blaster Blade,รอยัล พาลาดิน,11
[TD02] VG-TD02 : Dragonic Overlord,คาเงโร่,11
[TD03] VG-TD03 : Golden Mechanical Soldier,โนว่า เกรปเปอร์,11
[TD04] VG-TD04 : Maiden Princess of the Cherry Blossoms,โอราเคิล ทิงค์ แทงค์,11
[TD05] VG-TD05 : Slash of Silver Wolf,โกลด์ พาลาดิน,13
[TD06] VG-TD06 : Resonance of Thunder Dragon,นารุคามิ,13
[TD07] VG-TD07 : Descendants of the Marine Emperor,อควอฟอร์ซ,13
[TD08] VG-TD08 : Liberator of the Sanctuary,โกลด์ พาลาดิน,12
[TD09] VG-TD09 : Eradicator of the Empire,นารุคามิ,12
[TD10] VG-TD10 : Purgatory Revenger,ชาโดว์ พาลาดิน,12
[TD11] VG-TD11 : Star-vader Invasion,ลิงค์โจ๊กเกอร์,12
[TD12] VG-TD12 : Dimensional Brave Kaiser,ไดเมนชั่น โพลิส,12
[TD13] VG-TD13 : Successor of the Sacred Regalia,เจเนซิส,12
[TD14] VG-TD14 : Seeker of Hope,รอยัล พาลาดิน,17
[TD15] VG-TD15 : Brawler of Friendship,นารุคามิ,17
[TD16] VG-TD16 : Divine Judgment of the Bluish Flames,โกลด์ พาลาดิน,17
[TD17] VG-TD17 : Will of the Locked Dragon,ลิงค์โจ๊กเกอร์,17
[V-ATD01] VG-V-ATD01 : V Animation Trial Deck 1,แอนิเมชั่น,18
[V-ATD02] VG-V-ATD02 : V Animation Trial Deck 2,แอนิเมชั่น,18
[V-BT01] VG-V-BT01 : Unite! Team Q4,คาเงโร่,16
[V-BT01] VG-V-BT01 : Unite! Team Q4,รอยัล พาลาดิน,16
[V-BT01] VG-V-BT01 : Unite! Team Q4,โนว่า เกรปเปอร์,26
[V-BT01] VG-V-BT01 : Unite! Team Q4,โอราเคิล ทิงค์ แทงค์,26
[V-BT02] VG-V-BT02 : Strongest! Team AL4,ชาโดว์ พาลาดิน,16
[V-BT02] VG-V-BT02 : Strongest! Team AL4,ดาร์ค อิลเรกูลาร์ส,22
[V-BT02] VG-V-BT02 : Strongest! Team AL4,มุราคุโมะ,23
[V-BT02] VG-V-BT02 : Strongest! Team AL4,เพลมูน,23
[V-BT03] VG-V-BT03 : Miyaji Academy Cardfight Club,นารุคามิ,18
[V-BT03] VG-V-BT03 : Miyaji Academy Cardfight Club,นุบาทามะ,24
[V-BT03] VG-V-BT03 : Miyaji Academy Cardfight Club,รอยัล พาลาดิน,13
[V-BT03] VG-V-BT03 : Miyaji Academy Cardfight Club,โกลด์ พาลาดิน,13
[V-BT03] VG-V-BT03 : Miyaji Academy Cardfight Club,โอราเคิล ทิงค์ แทงค์,16
[V-BT04] VG-V-BT04 : Vilest! Deletor,ชาโดว์ พาลาดิน,18
[V-BT04] VG-V-BT04 : Vilest! Deletor,ดาร์ค อิลเรกูลาร์ส,16
[V-BT04] VG-V-BT04 : Vilest! Deletor,มุราคุโมะ,16
[V-BT04] VG-V-BT04 : Vilest! Deletor,ลิงค์โจ๊กเกอร์,18
[V-BT04] VG-V-BT04 : Vilest! Deletor,เพลมูน,16
[V-BT05] V Booster Set 05: Aerial Steed Liberation,นารุคามิ,22
[V-BT05] V Booster Set 05: Aerial Steed Liberation,นุบาทามะ,10
[V-BT05] V Booster Set 05: Aerial Steed Liberation,รอยัล พาลาดิน,21
[V-BT05] V Booster Set 05: Aerial Steed Liberation,โกลด์ พาลาดิน,5
[V-BT05] V Booster Set 05: Aerial Steed Liberation,โอราเคิล ทิงค์ แทงค์,22
[V-BT06] V Booster Set 06: Phantasmal Steed Restoration,ชาโดว์ พาลาดิน,23
[V-BT06] V Booster Set 06: Phantasmal Steed Restoration,ดาร์ค อิลเรกูลาร์ส,21
[V-BT06] V Booster Set 06: Phantasmal Steed Restoration,มุราคุโมะ,20
[V-BT06] V Booster Set 06: Phantasmal Steed Restoration,เพลมูน,20
[V-BT07] V Booster Set 07: Infinideity Cradle,N/A,1
[V-BT07] V Booster Set 07: Infinideity Cradle,นุบาทามะ,23
[V-BT07] V Booster Set 07: Infinideity Cradle,เจเนซิส,19
[V-BT07] V Booster Set 07: Infinideity Cradle,แองเจิล ฟิทเธอร์,14
[V-BT07] V Booster Set 07: Infinideity Cradle,โนว่า เกรปเปอร์,24
[V-BT08] V Booster Set 08: Silverdust Blaze,N/A,1
[V-BT08] V Booster Set 08: Silverdust Blaze,คาเงโร่,22
[V-BT08] V Booster Set 08: Silverdust Blaze,ลิงค์โจ๊กเกอร์,22
[V-BT08] V Booster Set 08: Silverdust Blaze,โอราเคิล ทิงค์ แทงค์,22
[V-BT08] V Booster Set 08: Silverdust Blaze,ไดเมนชั่น โพลิส,22
[V-BT09] V Booster Set 09 : Butterfly d'Moonlight,N/A,2
[V-BT09] V Booster Set 09 : Butterfly d'Moonlight,ดาร์ค อิลเรกูลาร์ส,21
[V-BT09] V Booster Set 09 : Butterfly d'Moonlight,มุราคุโมะ,22
[V-BT09] V Booster Set 09 : Butterfly d'Moonlight,เพลมูน,26
[V-BT09] V Booster Set 09 : Butterfly d'Moonlight,แกรนบลู,24
[V-BT10] V Booster Set 10: Phantom Dragon Aeon,N/A,2
[V-BT10] V Booster Set 10: Phantom Dragon Aeon,ชาโดว์ พาลาดิน,24
[V-BT10] V Booster Set 10: Phantom Dragon Aeon,ทาจิคาเสะ,22
[V-BT10] V Booster Set 10: Phantom Dragon Aeon,สไปค์ บราเธอร์ส,22
[V-BT10] V Booster Set 10: Phantom Dragon Aeon,เมก้าโคโลนี่,22
[V-BT11] V Booster Set 11: Storm of the Blue Cavalry,N/A,2
[V-BT11] V Booster Set 11: Storm of the Blue Cavalry,นุบาทามะ,22
[V-BT11] V Booster Set 11: Storm of the Blue Cavalry,อควอฟอร์ซ,22
[V-BT11] V Booster Set 11: Storm of the Blue Cavalry,เกรท เนเจอร์,22
[V-BT11] V Booster Set 11: Storm of the Blue Cavalry,โนว่า เกรปเปอร์,22
[V-BT12] V Booster Set 12: Divine Lightning Radiance,N/A,1
[V-BT12] V Booster Set 12: Divine Lightning Radiance,นารุคามิ,22
[V-BT12] V Booster Set 12: Divine Lightning Radiance,เจเนซิส,22
[V-BT12] V Booster Set 12: Divine Lightning Radiance,แองเจิล ฟิทเธอร์,22
[V-BT12] V Booster Set 12: Divine Lightning Radiance,โกลด์ พาลาดิน,22
[V-EB01] VG-V-EB01 : The Destructive Roar,ทาจิคาเสะ,22
[V-EB01] VG-V-EB01 : The Destructive Roar,สไปค์ บราเธอร์ส,22
[V-EB01] VG-V-EB01 : The Destructive Roar,เมก้าโคโลนี่,22
[V-EB02] VG-V-EB02 : Champions of the Asia Circuit,อควอฟอร์ซ,12
[V-EB02] VG-V-EB02 : Champions of the Asia Circuit,แกรนบลู,23
[V-EB02] VG-V-EB02 : Champions of the Asia Circuit,ไดเมนชั่น โพลิส,23
[V-EB03] VG-V-EB03: ULTRARARE MIRACLE COLLECTION,เนโอ เนคต้า,24
[V-EB03] VG-V-EB03: ULTRARARE MIRACLE COLLECTION,แองเจิล ฟิทเธอร์,22
[V-EB03] VG-V-EB03: ULTRARARE MIRACLE COLLECTION,โกลด์ พาลาดิน,22
[V-EB04] VG-V-EB04 : The Answer of Truth,เกรท เนเจอร์,24
[V-EB04] VG-V-EB04 : The Answer of Truth,เกียร์โครนิเคิล,22
[V-EB04] VG-V-EB04 : The Answer of Truth,เจเนซิส,22
[V-EB05] V Extra Booster 05 : Primary Melody,เบอร์มิวด้า ไทรแองเกิล,45
"[V-EB06] V Extra Booster 06: Light of Salvation, Logic of Destruction",คาเงโร่,10
"[V-EB06] V Extra Booster 06: Light of Salvation, Logic of Destruction",รอยัล พาลาดิน,10
"[V-EB06] V Extra Booster 06: Light of Salvation, Logic of Destruction",ลิงค์โจ๊กเกอร์,16
"[V-EB06] V Extra Booster 06: Light of Salvation, Logic of Destruction",โนว่า เกรปเปอร์,10
[V-EB07] V Extra Booster 07: The Heroic Evolution,คาเงโร่,22
[V-EB07] V Extra Booster 07: The Heroic Evolution,ลิงค์โจ๊กเกอร์,22
[V-EB07] V Extra Booster 07: The Heroic Evolution,โนว่า เกรปเปอร์,22
[V-EB08] V Extra Booster 08: My Glorious Justice,อควอฟอร์ซ,21
[V-EB08] V Extra Booster 08: My Glorious Justice,แกรนบลู,21
[V-EB08] V Extra Booster 08: My Glorious Justice,ไดเมนชั่น โพลิส,21
[V-EB09] V Extra Booster 09 : The Raging Tactics,ทาจิคาเสะ,22
[V-EB09] V Extra Booster 09 : The Raging Tactics,สไปค์ บราเธอร์ส,22
[V-EB09] V Extra Booster 09 : The Raging Tactics,เมก้าโคโลนี่,22
[V-EB10] V Extra Booster 10: The Mysterious Fortune,N/A,4
[V-EB10] V Extra Booster 10: The Mysterious Fortune,เกรท เนเจอร์,22
[V-EB10] V Extra Booster 10: The Mysterious Fortune,เนโอ เนคต้า,22
[V-EB10] V Extra Booster 10: The Mysterious Fortune,โกลด์ พาลาดิน,22
[V-EB11] V Extra Booster 11: Crystal Melody,เบอร์มิวด้า ไทรแองเกิล,48
[V-EB12] V Extra Booster 12: Team Dragon's Vanity!,ชาโดว์ พาลาดิน,22
[V-EB12] V Extra Booster 12: Team Dragon's Vanity!,นารุคามิ,22
[V-EB12] V Extra Booster 12: Team Dragon's Vanity!,อควอฟอร์ซ,22
[V-EB13] V Extra Booster 13: The Astral Force,เกียร์โครนิเคิล,25
[V-EB13] V Extra Booster 13: The Astral Force,เจเนซิส,12
[V-EB13] V Extra Booster 13: The Astral Force,แองเจิล ฟิทเธอร์,25
[V-EB14] V Extra Booster 14: The Next Stage,N/A,3
[V-EB14] V Extra Booster 14: The Next Stage,รอยัล พาลาดิน,20
[V-EB14] V Extra Booster 14: The Next Stage,เกียร์โครนิเคิล,21
[V-EB14] V Extra Booster 14: The Next Stage,เนโอ เนคต้า,20
[V-EB15] V Extra Booster 15: Twinkle Melody,N/A,2
[V-EB15] V Extra Booster 15: Twinkle Melody,เบอร์มิวด้า ไทรแองเกิล,49
[V-GTD01] VG-V-GTD01 : V Game Trial Deck 1,เกม,18
[V-GTD02] VG-V-GTD02 : V Game Trial Deck 2,เกม,18
[V-GTD03] VG-V-GTD03 : V Game Trial Deck 03,N/A,2
[V-GTD03] VG-V-GTD03 : V Game Trial Deck 03,เกม,18
[V-GTD04] VG-V-GTD04 : V Game Trial Deck 04,เกม,18
[V-GTD05] VG-V-GTD05 : V Game Trial Deck 05,N/A,3
[V-GTD05] VG-V-GTD05 : V Game Trial Deck 05,เกม,22
[V-LTD01] VG-V-LTD01 : V Live Action Trial Deck 01,ไลฟ์แอคชั่น,15
[V-LTD02] VG-V-LTD02 : V Live Action Trial Deck 02,ไลฟ์แอคชั่น,15
[V-LTD03] VG-V-LTD03 : V Live Action Trial Deck 03,ไลฟ์แอคชั่น,18
[V-LTD04] VG-V-LTD04 : V Live Action Trial Deck 04,ไลฟ์แอคชั่น,18
[V-LTD05] VG-V-LTD05 : V Live Action Trial Deck 05,ไลฟ์แอคชั่น,19
[V-PR] V Promo Card,N/A,2
[V-PR] V Promo Card,คาเงโร่,12
[V-PR] V Promo Card,ชาโดว์ พาลาดิน,19
[V-PR] V Promo Card,ดาร์ค อิลเรกูลาร์ส,9
[V-PR] V Promo Card,ทาจิคาเสะ,4
[V-PR] V Promo Card,นารุคามิ,8
[V-PR] V Promo Card,นุบาทามะ,10
[V-PR] V Promo Card,มุราคุโมะ,7
[V-PR] V Promo Card,รอยัล พาลาดิน,26
[V-PR] V Promo Card,ลิงค์โจ๊กเกอร์,9
[V-PR] V Promo Card,สไปค์ บราเธอร์ส,4
[V-PR] V Promo Card,อควอฟอร์ซ,13
[V-PR] V Promo Card,เกรท เนเจอร์,9
[V-PR] V Promo Card,เกียร์โครนิเคิล,8
[V-PR] V Promo Card,เจเนซิส,15
[V-PR] V Promo Card,เนโอ เนคต้า,13
[V-PR] V Promo Card,เบอร์มิวด้า ไทรแองเกิล,16
[V-PR] V Promo Card,เพลมูน,12
[V-PR] V Promo Card,เมก้าโคโลนี่,4
[V-PR] V Promo Card,แกรนบลู,4
[V-PR] V Promo Card,แองเจิล ฟิทเธอร์,11
[V-PR] V Promo Card,โกลด์ พาลาดิน,8
[V-PR] V Promo Card,โนว่า เกรปเปอร์,8
[V-PR] V Promo Card,โอราเคิล ทิงค์ แทงค์,13
[V-PR] V Promo Card,ไดเมนชั่น โพลิส,3
[V-SS01] VG-V-SS01 : PREMIUM COLLECTION 2019,N/A,6
[V-SS01] VG-V-SS01 : PREMIUM COLLECTION 2019,คาเงโร่,2
[V-SS01] VG-V-SS01 : PREMIUM COLLECTION 2019,ชาโดว์ พาลาดิน,2
[V-SS01] VG-V-SS01 : PREMIUM COLLECTION 2019,ดาร์ค อิลเรกูลาร์ส,2
[V-SS01] VG-V-SS01 : PREMIUM COLLECTION 2019,ทาจิคาเสะ,2
[V-SS01] VG-V-SS01 : PREMIUM COLLECTION 2019,นารุคามิ,2
[V-SS01] VG-V-SS01 : PREMIUM COLLECTION 2019,นุบาทามะ,2
[V-SS01] VG-V-SS01 : PREMIUM COLLECTION 2019,มุราคุโมะ,2
[V-SS01] VG-V-SS01 : PREMIUM COLLECTION 2019,รอยัล พาลาดิน,2
[V-SS01] VG-V-SS01 : PREMIUM COLLECTION 2019,ลิงค์โจ๊กเกอร์,2
[V-SS01] VG-V-SS01 : PREMIUM COLLECTION 2019,สไปค์ บราเธอร์ส,2
[V-SS01] VG-V-SS01 : PREMIUM COLLECTION 2019,อควอฟอร์ซ,2
[V-SS01] VG-V-SS01 : PREMIUM COLLECTION 2019,เกรท เนเจอร์,2
[V-SS01] VG-V-SS01 : PREMIUM COLLECTION 2019,เกียร์โครนิเคิล,2
[V-SS01] VG-V-SS01 : PREMIUM COLLECTION 2019,เจเนซิส,2
[V-SS01] VG-V-SS01 : PREMIUM COLLECTION 2019,เนโอ เนคต้า,2
[V-SS01] VG-V-SS01 : PREMIUM COLLECTION 2019,เบอร์มิวด้า ไทรแองเกิล,2
[V-SS01] VG-V-SS01 : PREMIUM COLLECTION 2019,เพลมูน,2
[V-SS01] VG-V-SS01 : PREMIUM COLLECTION 2019,เมก้าโคโลนี่,2
[V-SS01] VG-V-SS01 : PREMIUM COLLECTION 2019,แกรนบลู,2
[V-SS01] VG-V-SS01 : PREMIUM COLLECTION 2019,แองเจิล ฟิทเธอร์,2
[V-SS01] VG-V-SS01 : PREMIUM COLLECTION 2019,โกลด์ พาลาดิน,2
[V-SS01] VG-V-SS01 : PREMIUM COLLECTION 2019,โนว่า เกรปเปอร์,2
[V-SS01] VG-V-SS01 : PREMIUM COLLECTION 2019,โอราเคิล ทิงค์ แทงค์,2
[V-SS01] VG-V-SS01 : PREMIUM COLLECTION 2019,ไดเมนชั่น โพลิส,2
[V-SS07] VG-V-SS07 : PREMIUM COLLECTION 2020,N/A,1
[V-SS07] VG-V-SS07 : PREMIUM COLLECTION 2020,คาเงโร่,2
[V-SS07] VG-V-SS07 : PREMIUM COLLECTION 2020,ชาโดว์ พาลาดิน,2
[V-SS07] VG-V-SS07 : PREMIUM COLLECTION 2020,ดาร์ค อิลเรกูลาร์ส,2
[V-SS07] VG-V-SS07 : PREMIUM COLLECTION 2020,ทาจิคาเสะ,2
[V-SS07] VG-V-SS07 : PREMIUM COLLECTION 2020,นารุคามิ,2
[V-SS07] VG-V-SS07 : PREMIUM COLLECTION 2020,นุบาทามะ,2
[V-SS07] VG-V-SS07 : PREMIUM COLLECTION 2020,มุราคุโมะ,2
[V-SS07] VG-V-SS07 : PREMIUM COLLECTION 2020,รอยัล พาลาดิน,2
[V-SS07] VG-V-SS07 : PREMIUM COLLECTION 2020,ลิงค์โจ๊กเกอร์,2
[V-SS07] VG-V-SS07 : PREMIUM COLLECTION 2020,สไปค์ บราเธอร์ส,2
[V-SS07] VG-V-SS07 : PREMIUM COLLECTION 2020,อควอฟอร์ซ,2
[V-SS07] VG-V-SS07 : PREMIUM COLLECTION 2020,เกรท เนเจอร์,2
[V-SS07] VG-V-SS07 : PREMIUM COLLECTION 2020,เกียร์โครนิเคิล,2
[V-SS07] VG-V-SS07 : PREMIUM COLLECTION 2020,เครย์เอเลเมนทัล,8
[V-SS07] VG-V-SS07 : PREMIUM COLLECTION 2020,เจเนซิส,2
[V-SS07] VG-V-SS07 : PREMIUM COLLECTION 2020,เนโอ เนคต้า,2
[V-SS07] VG-V-SS07 : PREMIUM COLLECTION 2020,เบอร์มิวด้า ไทรแองเกิล,2
[V-SS07] VG-V-SS07 : PREMIUM COLLECTION 2020,เพลมูน,2
[V-SS07] VG-V-SS07 : PREMIUM COLLECTION 2020,เมก้าโคโลนี่,2
[V-SS07] VG-V-SS07 : PREMIUM COLLECTION 2020,แกรนบลู,2
[V-SS07] VG-V-SS07 : PREMIUM COLLECTION 2020,แองเจิล ฟิทเธอร์,2
[V-SS07] VG-V-SS07 : PREMIUM COLLECTION 2020,โกลด์ พาลาดิน,2
[V-SS07] VG-V-SS07 : PREMIUM COLLECTION 2020,โนว่า เกรปเปอร์,2
[V-SS07] VG-V-SS07 : PREMIUM COLLECTION 2020,โอราเคิล ทิงค์ แทงค์,2
[V-SS07] VG-V-SS07 : PREMIUM COLLECTION 2020,ไดเมนชั่น โพลิส,2
[V-TB01] V Title Booster 01: BanG Dream! FILM LIVE,BanG Dream!,75
[V-TD01] VG-V-TD01 : Aichi Sendou,รอยัล พาลาดิน,15
[V-TD02] VG-V-TD02 : Toshiki Kai,คาเงโร่,15
[V-TD03] VG-V-TD03 : Leon Soryu,อควอฟอร์ซ,14
[V-TD04] VG-V-TD04 : Ren Suzugamori,ชาโดว์ พาลาดิน,15
[V-TD05] VG-V-TD05 : Misaki Tokura,โอราเคิล ทิงค์ แทงค์,14
[V-TD06] VG-V-TD06 : Naoki Ishida,นารุคามิ,14
[V-TD07] VG-V-Trial Deck 07 Kouji Ibuki,ลิงค์โจ๊กเกอร์,14
[V-TD08] VG-V-TD08 : Schokolade Melody,เบอร์มิวด้า ไทรแองเกิล,19
[V-TD09] V Trial Deck 09: Shinemon Nitta,N/A,1
[V-TD09] V Trial Deck 09: Shinemon Nitta,เครย์เอเลเมนทัล,1
[V-TD09] V Trial Deck 09: Shinemon Nitta,เจเนซิส,15
[V-TD10] V Trial Deck 10: Chronojet,เกียร์โครนิเคิล,15
[V-TD11] V Trial Deck 11: Altmile,รอยัล พาลาดิน,15
[V-TD12] V Trial Deck 12: Ahsha,N/A,2
[V-TD12] V Trial Deck 12: Ahsha,เนโอ เนคต้า,15
[V-TPR] V-TH Promo Card,เกม,9
[V-TPR] V-TH Promo Card,เอทรานเจอร์,6
[V-TPR] V-TH Promo Card,แอนิเมชั่น,7
[V-TPR] V-TH Promo Card,ไลฟ์แอคชั่น,15
